{
  "type": "modonomicon:dense",
  "mapping": {
    "*": {
      "type": "modonomicon:display",
      "display": "occultism:otherstone"
    },
    "+": {
      "type": "modonomicon:display",
      "display": "minecraft:stone"
    },
    "0": {
      "type": "modonomicon:block",
      "block": "occultism:golden_sacrificial_bowl"
    },
    "C": {
      "type": "modonomicon:tag",
      "tag": "#minecraft:candles"
    },
    "G": {
      "type": "modonomicon:block",
      "block": "occultism:chalk_glyph_gold"
    },
    "S": {
      "type": "modonomicon:block",
      "block": "occultism:spirit_attuned_crystal"
    },
    "W": {
      "type": "modonomicon:block",
      "block": "occultism:chalk_glyph_white"
    }
  },
  "pattern": [
    [
      "_______________",
      "_______________",
      "_______________",
      "_______________",
      "______WCW______",
      "_____GG_GG_____",
      "____WG_W_GW____",
      "____C_W0W_C____",
      "____WG_W_GW____",
      "_____GG_GG_____",
      "______WCW______",
      "_______________",
      "_______________",
      "_______________",
      "_______________"
    ],
    [
      "*+*+*+*+*+*+*+*",
      "+*+*+*+*+*+*+*+",
      "*+*+*+*+*+*+*+*",
      "+*+*+*+*+*+*+*+",
      "*+*+*+*+*+*+*+*",
      "+*+*+*+*+*+*+*+",
      "*+*+*+*+*+*+*+*",
      "+*+*+*+*+*+*+*+",
      "*+*+*+*+*+*+*+*",
      "+*+*+*+*+*+*+*+",
      "*+*+*+*+*+*+*+*",
      "+*+*+*+*+*+*+*+",
      "*+*+*+*+*+*+*+*",
      "+*+*+*+*+*+*+*+",
      "*+*+*+*+*+*+*+*"
    ]
  ]
}