{
  "type": "modonomicon:dense",
  "mapping": {
    "*": {
      "type": "modonomicon:display",
      "display": "occultism:otherstone"
    },
    "+": {
      "type": "modonomicon:display",
      "display": "minecraft:stone"
    },
    "0": {
      "type": "modonomicon:block",
      "block": "occultism:golden_sacrificial_bowl"
    },
    "C": {
      "type": "modonomicon:tag",
      "tag": "#minecraft:candles"
    },
    "G": {
      "type": "modonomicon:block",
      "block": "occultism:chalk_glyph_gold"
    },
    "N": {
      "type": "modonomicon:block",
      "block": "minecraft:wither_skeleton_skull"
    },
    "P": {
      "type": "modonomicon:block",
      "block": "occultism:chalk_glyph_purple"
    },
    "R": {
      "type": "modonomicon:block",
      "block": "occultism:chalk_glyph_red"
    },
    "S": {
      "type": "modonomicon:block",
      "block": "occultism:spirit_attuned_crystal"
    },
    "W": {
      "type": "modonomicon:block",
      "block": "occultism:chalk_glyph_white"
    },
    "Z": {
      "type": "modonomicon:block",
      "block": "minecraft:skeleton_skull"
    }
  },
  "pattern": [
    [
      "_______N_______",
      "______RRR______",
      "_____RCZCR_____",
      "____R_PPP_R____",
      "___RSPWCWPSR___",
      "__R_PGG_GGP_R__",
      "_RCPWG_W_GWPCR_",
      "NRZPC_W0W_CPZRN",
      "_RCPWG_W_GWPCR_",
      "__R_PGG_GGP_R__",
      "___RSPWCWPSR___",
      "____R_PPP_R____",
      "_____RCZCR_____",
      "______RRR______",
      "_______N_______"
    ],
    [
      "*+*+*+*+*+*+*+*",
      "+*+*+*+*+*+*+*+",
      "*+*+*+*+*+*+*+*",
      "+*+*+*+*+*+*+*+",
      "*+*+*+*+*+*+*+*",
      "+*+*+*+*+*+*+*+",
      "*+*+*+*+*+*+*+*",
      "+*+*+*+*+*+*+*+",
      "*+*+*+*+*+*+*+*",
      "+*+*+*+*+*+*+*+",
      "*+*+*+*+*+*+*+*",
      "+*+*+*+*+*+*+*+",
      "*+*+*+*+*+*+*+*",
      "+*+*+*+*+*+*+*+",
      "*+*+*+*+*+*+*+*"
    ]
  ]
}